resolution,feature_set,model,params,model_label,hour,mae,rmse,n_rows
1min,minimal,ridge,light,ridge-light,0,219.4065,283.6554,180
1min,minimal,ridge,light,ridge-light,1,305.8597,400.4821,180
1min,minimal,ridge,light,ridge-light,2,261.8310,411.9640,180
1min,minimal,ridge,light,ridge-light,3,585.8407,1321.2395,180
1min,minimal,ridge,light,ridge-light,4,676.4643,954.8249,180
1min,minimal,ridge,light,ridge-light,5,928.5180,1459.7513,180
1min,minimal,ridge,light,ridge-light,6,1335.4565,2083.9239,180
1min,minimal,ridge,light,ridge-light,7,1196.8569,1732.7986,167
1min,minimal,ridge,light,ridge-light,8,1121.3375,1791.5707,175
1min,minimal,ridge,light,ridge-light,9,1428.4359,2092.9904,180
1min,minimal,ridge,light,ridge-light,10,1030.3666,1556.8365,176
1min,minimal,ridge,light,ridge-light,11,870.3461,1392.9772,176
1min,minimal,ridge,light,ridge-light,12,761.7854,1287.1784,180
1min,minimal,ridge,light,ridge-light,13,823.4969,1263.4265,180
1min,minimal,ridge,light,ridge-light,14,1029.8369,1675.6037,180
1min,minimal,ridge,light,ridge-light,15,882.7487,1435.5105,180
1min,minimal,ridge,light,ridge-light,16,470.4231,834.9763,180
1min,minimal,ridge,light,ridge-light,17,253.2228,333.8956,180
1min,minimal,ridge,light,ridge-light,18,258.8374,315.0340,180
1min,minimal,ridge,light,ridge-light,19,287.5089,389.0232,180
1min,minimal,ridge,light,ridge-light,20,238.6278,302.0199,180
1min,minimal,ridge,light,ridge-light,21,227.9924,280.7985,180
1min,minimal,ridge,light,ridge-light,22,263.9832,350.3239,180
1min,minimal,ridge,light,ridge-light,23,250.0424,321.4156,180
1min,minimal,ridge,medium,ridge-medium,0,219.8094,284.1672,180
1min,minimal,ridge,medium,ridge-medium,1,305.7898,400.4082,180
1min,minimal,ridge,medium,ridge-medium,2,261.7995,411.9547,180
1min,minimal,ridge,medium,ridge-medium,3,585.7588,1321.1728,180
1min,minimal,ridge,medium,ridge-medium,4,676.2381,954.6925,180
1min,minimal,ridge,medium,ridge-medium,5,928.2644,1459.6882,180
1min,minimal,ridge,medium,ridge-medium,6,1335.3571,2083.9230,180
1min,minimal,ridge,medium,ridge-medium,7,1196.7816,1732.8089,167
1min,minimal,ridge,medium,ridge-medium,8,1121.2455,1791.5646,175
1min,minimal,ridge,medium,ridge-medium,9,1428.3779,2093.0075,180
1min,minimal,ridge,medium,ridge-medium,10,1030.3270,1556.8389,176
1min,minimal,ridge,medium,ridge-medium,11,870.3421,1392.9863,176
1min,minimal,ridge,medium,ridge-medium,12,761.7540,1287.1754,180
1min,minimal,ridge,medium,ridge-medium,13,823.4649,1263.4205,180
1min,minimal,ridge,medium,ridge-medium,14,1029.8308,1675.6163,180
1min,minimal,ridge,medium,ridge-medium,15,882.7414,1435.5223,180
1min,minimal,ridge,medium,ridge-medium,16,470.3891,834.9727,180
1min,minimal,ridge,medium,ridge-medium,17,253.1681,333.8505,180
1min,minimal,ridge,medium,ridge-medium,18,258.7750,314.9739,180
1min,minimal,ridge,medium,ridge-medium,19,287.4453,388.9557,180
1min,minimal,ridge,medium,ridge-medium,20,238.5771,301.9776,180
1min,minimal,ridge,medium,ridge-medium,21,227.9360,280.7419,180
1min,minimal,ridge,medium,ridge-medium,22,263.9357,350.2780,180
1min,minimal,ridge,medium,ridge-medium,23,249.9858,321.3723,180
1min,minimal,ridge,strong,ridge-strong,0,223.6408,288.9981,180
1min,minimal,ridge,strong,ridge-strong,1,305.1232,399.6889,180
1min,minimal,ridge,strong,ridge-strong,2,261.5146,411.8815,180
1min,minimal,ridge,strong,ridge-strong,3,585.0004,1320.5409,180
1min,minimal,ridge,strong,ridge-strong,4,674.1077,953.4506,180
1min,minimal,ridge,strong,ridge-strong,5,925.8773,1459.0980,180
1min,minimal,ridge,strong,ridge-strong,6,1334.4284,2083.9199,180
1min,minimal,ridge,strong,ridge-strong,7,1196.0753,1732.9107,167
1min,minimal,ridge,strong,ridge-strong,8,1120.3784,1791.5095,175
1min,minimal,ridge,strong,ridge-strong,9,1427.8370,2093.1714,180
1min,minimal,ridge,strong,ridge-strong,10,1029.9666,1556.8675,176
1min,minimal,ridge,strong,ridge-strong,11,870.3111,1393.0793,176
1min,minimal,ridge,strong,ridge-strong,12,761.4867,1287.1556,180
1min,minimal,ridge,strong,ridge-strong,13,823.1748,1263.3719,180
1min,minimal,ridge,strong,ridge-strong,14,1029.7756,1675.7392,180
1min,minimal,ridge,strong,ridge-strong,15,882.6644,1435.6334,180
1min,minimal,ridge,strong,ridge-strong,16,470.0547,834.9369,180
1min,minimal,ridge,strong,ridge-strong,17,252.6607,333.4425,180
1min,minimal,ridge,strong,ridge-strong,18,258.1958,314.4247,180
1min,minimal,ridge,strong,ridge-strong,19,286.8443,388.3005,180
1min,minimal,ridge,strong,ridge-strong,20,238.1111,301.5900,180
1min,minimal,ridge,strong,ridge-strong,21,227.4118,280.2142,180
1min,minimal,ridge,strong,ridge-strong,22,263.4836,349.8397,180
1min,minimal,ridge,strong,ridge-strong,23,249.4463,320.9615,180
1min,minimal,hgb,conservative,hgb-conservative,0,230.3396,287.0869,180
1min,minimal,hgb,conservative,hgb-conservative,1,312.4825,429.9039,180
1min,minimal,hgb,conservative,hgb-conservative,2,313.2834,436.7424,180
1min,minimal,hgb,conservative,hgb-conservative,3,628.1902,1374.0415,180
1min,minimal,hgb,conservative,hgb-conservative,4,482.4318,887.7336,180
1min,minimal,hgb,conservative,hgb-conservative,5,845.9427,1469.4846,180
1min,minimal,hgb,conservative,hgb-conservative,6,1384.0639,2153.0853,180
1min,minimal,hgb,conservative,hgb-conservative,7,1136.5664,1687.3800,167
1min,minimal,hgb,conservative,hgb-conservative,8,1134.2333,1915.0589,176
1min,minimal,hgb,conservative,hgb-conservative,9,1424.7737,2088.0658,180
1min,minimal,hgb,conservative,hgb-conservative,10,1051.0818,1516.1868,176
1min,minimal,hgb,conservative,hgb-conservative,11,946.3003,1401.3271,177
1min,minimal,hgb,conservative,hgb-conservative,12,816.5556,1274.7518,180
1min,minimal,hgb,conservative,hgb-conservative,13,869.4848,1254.0126,180
1min,minimal,hgb,conservative,hgb-conservative,14,1016.8412,1598.8210,180
1min,minimal,hgb,conservative,hgb-conservative,15,885.4779,1437.4793,180
1min,minimal,hgb,conservative,hgb-conservative,16,498.6785,834.9711,180
1min,minimal,hgb,conservative,hgb-conservative,17,257.3238,327.5043,180
1min,minimal,hgb,conservative,hgb-conservative,18,248.7157,307.4533,180
1min,minimal,hgb,conservative,hgb-conservative,19,312.9249,441.3848,180
1min,minimal,hgb,conservative,hgb-conservative,20,254.0150,326.1560,180
1min,minimal,hgb,conservative,hgb-conservative,21,275.6553,373.7129,180
1min,minimal,hgb,conservative,hgb-conservative,22,310.0062,435.8683,180
1min,minimal,hgb,conservative,hgb-conservative,23,312.2029,398.7142,180
1min,minimal,hgb,balanced,hgb-balanced,0,294.7004,359.2729,180
1min,minimal,hgb,balanced,hgb-balanced,1,390.1210,525.8906,180
1min,minimal,hgb,balanced,hgb-balanced,2,333.6034,443.7108,180
1min,minimal,hgb,balanced,hgb-balanced,3,635.8303,1339.9267,180
1min,minimal,hgb,balanced,hgb-balanced,4,552.0493,985.3624,180
1min,minimal,hgb,balanced,hgb-balanced,5,933.7867,1487.5446,180
1min,minimal,hgb,balanced,hgb-balanced,6,1477.8235,2208.6213,180
1min,minimal,hgb,balanced,hgb-balanced,7,1154.2034,1716.4979,167
1min,minimal,hgb,balanced,hgb-balanced,8,1157.7835,1898.4732,176
1min,minimal,hgb,balanced,hgb-balanced,9,1473.6872,2141.6235,180
1min,minimal,hgb,balanced,hgb-balanced,10,1092.3457,1569.7232,176
1min,minimal,hgb,balanced,hgb-balanced,11,925.9437,1389.2094,177
1min,minimal,hgb,balanced,hgb-balanced,12,825.7877,1305.8421,180
1min,minimal,hgb,balanced,hgb-balanced,13,877.5726,1263.4381,180
1min,minimal,hgb,balanced,hgb-balanced,14,1009.5463,1591.3722,180
1min,minimal,hgb,balanced,hgb-balanced,15,916.6740,1490.5167,180
1min,minimal,hgb,balanced,hgb-balanced,16,514.4556,867.6369,180
1min,minimal,hgb,balanced,hgb-balanced,17,257.7994,325.7894,180
1min,minimal,hgb,balanced,hgb-balanced,18,251.4864,308.6357,180
1min,minimal,hgb,balanced,hgb-balanced,19,373.8171,535.5066,180
1min,minimal,hgb,balanced,hgb-balanced,20,277.5921,367.8344,180
1min,minimal,hgb,balanced,hgb-balanced,21,277.2941,384.8026,180
1min,minimal,hgb,balanced,hgb-balanced,22,317.1713,455.0614,180
1min,minimal,hgb,balanced,hgb-balanced,23,320.5084,414.0689,180
1min,minimal,hgb,aggressive,hgb-aggressive,0,300.4442,366.2292,180
1min,minimal,hgb,aggressive,hgb-aggressive,1,396.6637,530.1070,180
1min,minimal,hgb,aggressive,hgb-aggressive,2,337.6600,449.8688,180
1min,minimal,hgb,aggressive,hgb-aggressive,3,644.0654,1346.7863,180
1min,minimal,hgb,aggressive,hgb-aggressive,4,564.9945,987.0014,180
1min,minimal,hgb,aggressive,hgb-aggressive,5,955.9057,1492.6624,180
1min,minimal,hgb,aggressive,hgb-aggressive,6,1477.3579,2204.7104,180
1min,minimal,hgb,aggressive,hgb-aggressive,7,1161.2261,1723.1840,167
1min,minimal,hgb,aggressive,hgb-aggressive,8,1165.9047,1900.9341,176
1min,minimal,hgb,aggressive,hgb-aggressive,9,1493.1802,2150.6088,180
1min,minimal,hgb,aggressive,hgb-aggressive,10,1116.7251,1584.0838,176
1min,minimal,hgb,aggressive,hgb-aggressive,11,930.2780,1392.0179,177
1min,minimal,hgb,aggressive,hgb-aggressive,12,813.8526,1291.1978,180
1min,minimal,hgb,aggressive,hgb-aggressive,13,876.2915,1254.7616,180
1min,minimal,hgb,aggressive,hgb-aggressive,14,1006.3530,1578.0577,180
1min,minimal,hgb,aggressive,hgb-aggressive,15,935.4425,1513.6566,180
1min,minimal,hgb,aggressive,hgb-aggressive,16,502.0999,861.2163,180
1min,minimal,hgb,aggressive,hgb-aggressive,17,253.0370,320.9098,180
1min,minimal,hgb,aggressive,hgb-aggressive,18,244.5682,303.1325,180
1min,minimal,hgb,aggressive,hgb-aggressive,19,384.5812,557.4150,180
1min,minimal,hgb,aggressive,hgb-aggressive,20,290.9562,391.7262,180
1min,minimal,hgb,aggressive,hgb-aggressive,21,275.6330,394.7364,180
1min,minimal,hgb,aggressive,hgb-aggressive,22,316.4565,454.4226,180
1min,minimal,hgb,aggressive,hgb-aggressive,23,301.4634,401.7280,180
1min,temporal,ridge,light,ridge-light,0,194.9120,263.8383,180
1min,temporal,ridge,light,ridge-light,1,292.4623,400.2484,180
1min,temporal,ridge,light,ridge-light,2,245.1543,403.9146,180
1min,temporal,ridge,light,ridge-light,3,588.8136,1340.7447,180
1min,temporal,ridge,light,ridge-light,4,671.3415,954.9898,180
1min,temporal,ridge,light,ridge-light,5,897.4957,1454.1912,180
1min,temporal,ridge,light,ridge-light,6,1356.4924,2105.0202,180
1min,temporal,ridge,light,ridge-light,7,1198.5597,1740.7948,167
1min,temporal,ridge,light,ridge-light,8,1110.0195,1791.9571,175
1min,temporal,ridge,light,ridge-light,9,1428.0267,2100.0498,180
1min,temporal,ridge,light,ridge-light,10,1012.2888,1548.3867,176
1min,temporal,ridge,light,ridge-light,11,866.0660,1387.8441,176
1min,temporal,ridge,light,ridge-light,12,748.6939,1280.2012,180
1min,temporal,ridge,light,ridge-light,13,807.2664,1253.3765,180
1min,temporal,ridge,light,ridge-light,14,1022.0470,1670.5327,180
1min,temporal,ridge,light,ridge-light,15,878.8785,1436.0249,180
1min,temporal,ridge,light,ridge-light,16,473.6499,836.3264,180
1min,temporal,ridge,light,ridge-light,17,231.5021,312.0478,180
1min,temporal,ridge,light,ridge-light,18,232.7067,291.0343,180
1min,temporal,ridge,light,ridge-light,19,274.5316,388.2826,180
1min,temporal,ridge,light,ridge-light,20,219.9960,287.2031,180
1min,temporal,ridge,light,ridge-light,21,203.9992,264.9462,180
1min,temporal,ridge,light,ridge-light,22,254.4904,347.1997,180
1min,temporal,ridge,light,ridge-light,23,235.7263,315.5322,180
1min,temporal,ridge,medium,ridge-medium,0,194.9543,263.8678,180
1min,temporal,ridge,medium,ridge-medium,1,292.4212,400.1960,180
1min,temporal,ridge,medium,ridge-medium,2,245.1420,403.9135,180
1min,temporal,ridge,medium,ridge-medium,3,588.7696,1340.7058,180
1min,temporal,ridge,medium,ridge-medium,4,671.1839,954.9112,180
1min,temporal,ridge,medium,ridge-medium,5,897.3068,1454.1533,180
1min,temporal,ridge,medium,ridge-medium,6,1356.4263,2105.0057,180
1min,temporal,ridge,medium,ridge-medium,7,1198.5287,1740.8002,167
1min,temporal,ridge,medium,ridge-medium,8,1109.9822,1791.9593,175
1min,temporal,ridge,medium,ridge-medium,9,1428.0058,2100.0582,180
1min,temporal,ridge,medium,ridge-medium,10,1012.2941,1548.4012,176
1min,temporal,ridge,medium,ridge-medium,11,866.0572,1387.8569,176
1min,temporal,ridge,medium,ridge-medium,12,748.7000,1280.2082,180
1min,temporal,ridge,medium,ridge-medium,13,807.2630,1253.3835,180
1min,temporal,ridge,medium,ridge-medium,14,1022.0454,1670.5454,180
1min,temporal,ridge,medium,ridge-medium,15,878.8690,1436.0303,180
1min,temporal,ridge,medium,ridge-medium,16,473.6126,836.3180,180
1min,temporal,ridge,medium,ridge-medium,17,231.4752,312.0265,180
1min,temporal,ridge,medium,ridge-medium,18,232.6797,291.0083,180
1min,temporal,ridge,medium,ridge-medium,19,274.4924,388.2296,180
1min,temporal,ridge,medium,ridge-medium,20,219.9704,287.1782,180
1min,temporal,ridge,medium,ridge-medium,21,203.9679,264.9130,180
1min,temporal,ridge,medium,ridge-medium,22,254.4633,347.1682,180
1min,temporal,ridge,medium,ridge-medium,23,235.6909,315.5028,180
1min,temporal,ridge,strong,ridge-strong,0,195.4148,264.2388,180
1min,temporal,ridge,strong,ridge-strong,1,292.0105,399.6663,180
1min,temporal,ridge,strong,ridge-strong,2,245.0205,403.9018,180
1min,temporal,ridge,strong,ridge-strong,3,588.3408,1340.3181,180
1min,temporal,ridge,strong,ridge-strong,4,669.6491,954.1458,180
1min,temporal,ridge,strong,ridge-strong,5,895.4825,1453.7863,180
1min,temporal,ridge,strong,ridge-strong,6,1355.7786,2104.8645,180
1min,temporal,ridge,strong,ridge-strong,7,1198.2246,1740.8542,167
1min,temporal,ridge,strong,ridge-strong,8,1109.6143,1791.9813,175
1min,temporal,ridge,strong,ridge-strong,9,1427.8034,2100.1411,180
1min,temporal,ridge,strong,ridge-strong,10,1012.3475,1548.5441,176
1min,temporal,ridge,strong,ridge-strong,11,865.9685,1387.9841,176
1min,temporal,ridge,strong,ridge-strong,12,748.7615,1280.2779,180
1min,temporal,ridge,strong,ridge-strong,13,807.2329,1253.4529,180
1min,temporal,ridge,strong,ridge-strong,14,1022.0282,1670.6702,180
1min,temporal,ridge,strong,ridge-strong,15,878.7738,1436.0833,180
1min,temporal,ridge,strong,ridge-strong,16,473.2445,836.2351,180
1min,temporal,ridge,strong,ridge-strong,17,231.2097,311.8171,180
1min,temporal,ridge,strong,ridge-strong,18,232.4145,290.7523,180
1min,temporal,ridge,strong,ridge-strong,19,274.1061,387.7079,180
1min,temporal,ridge,strong,ridge-strong,20,219.7178,286.9333,180
1min,temporal,ridge,strong,ridge-strong,21,203.6592,264.5858,180
1min,temporal,ridge,strong,ridge-strong,22,254.1927,346.8497,180
1min,temporal,ridge,strong,ridge-strong,23,235.3351,315.2051,180
1min,temporal,hgb,conservative,hgb-conservative,0,213.6377,276.2036,180
1min,temporal,hgb,conservative,hgb-conservative,1,364.4380,502.7370,180
1min,temporal,hgb,conservative,hgb-conservative,2,312.4054,442.2400,180
1min,temporal,hgb,conservative,hgb-conservative,3,645.0884,1386.3436,180
1min,temporal,hgb,conservative,hgb-conservative,4,476.2276,876.1612,180
1min,temporal,hgb,conservative,hgb-conservative,5,810.4380,1470.8001,180
1min,temporal,hgb,conservative,hgb-conservative,6,1370.8316,2140.8901,180
1min,temporal,hgb,conservative,hgb-conservative,7,1192.8491,1743.4021,167
1min,temporal,hgb,conservative,hgb-conservative,8,1121.4557,1927.8028,176
1min,temporal,hgb,conservative,hgb-conservative,9,1450.7107,2127.4058,180
1min,temporal,hgb,conservative,hgb-conservative,10,1039.4518,1494.0374,176
1min,temporal,hgb,conservative,hgb-conservative,11,972.5190,1398.8079,177
1min,temporal,hgb,conservative,hgb-conservative,12,829.7574,1267.0756,180
1min,temporal,hgb,conservative,hgb-conservative,13,858.1562,1244.4088,180
1min,temporal,hgb,conservative,hgb-conservative,14,1017.3203,1593.5071,180
1min,temporal,hgb,conservative,hgb-conservative,15,875.1931,1435.8543,180
1min,temporal,hgb,conservative,hgb-conservative,16,491.2120,819.9935,180
1min,temporal,hgb,conservative,hgb-conservative,17,236.3563,310.5767,180
1min,temporal,hgb,conservative,hgb-conservative,18,229.0228,289.6957,180
1min,temporal,hgb,conservative,hgb-conservative,19,302.0524,432.0637,180
1min,temporal,hgb,conservative,hgb-conservative,20,239.6995,313.1190,180
1min,temporal,hgb,conservative,hgb-conservative,21,262.4229,357.3543,180
1min,temporal,hgb,conservative,hgb-conservative,22,299.7860,428.7635,180
1min,temporal,hgb,conservative,hgb-conservative,23,302.7878,394.0999,180
1min,temporal,hgb,balanced,hgb-balanced,0,216.7460,281.7816,180
1min,temporal,hgb,balanced,hgb-balanced,1,340.5887,466.4764,180
1min,temporal,hgb,balanced,hgb-balanced,2,281.7277,408.3964,180
1min,temporal,hgb,balanced,hgb-balanced,3,600.4520,1332.9375,180
1min,temporal,hgb,balanced,hgb-balanced,4,507.3854,954.4721,180
1min,temporal,hgb,balanced,hgb-balanced,5,825.8042,1456.1060,180
1min,temporal,hgb,balanced,hgb-balanced,6,1603.2276,2342.9987,180
1min,temporal,hgb,balanced,hgb-balanced,7,1191.7256,1718.4413,167
1min,temporal,hgb,balanced,hgb-balanced,8,1155.1973,1920.2232,176
1min,temporal,hgb,balanced,hgb-balanced,9,1556.7362,2221.8906,180
1min,temporal,hgb,balanced,hgb-balanced,10,1099.7456,1554.1637,176
1min,temporal,hgb,balanced,hgb-balanced,11,1024.7171,1386.9783,177
1min,temporal,hgb,balanced,hgb-balanced,12,938.5468,1361.2537,180
1min,temporal,hgb,balanced,hgb-balanced,13,967.2957,1335.3607,180
1min,temporal,hgb,balanced,hgb-balanced,14,1061.8685,1626.6850,180
1min,temporal,hgb,balanced,hgb-balanced,15,854.2121,1353.8139,180
1min,temporal,hgb,balanced,hgb-balanced,16,539.0597,887.8185,180
1min,temporal,hgb,balanced,hgb-balanced,17,232.1803,306.8730,180
1min,temporal,hgb,balanced,hgb-balanced,18,222.6077,286.7191,180
1min,temporal,hgb,balanced,hgb-balanced,19,319.4905,465.4844,180
1min,temporal,hgb,balanced,hgb-balanced,20,224.6170,302.7000,180
1min,temporal,hgb,balanced,hgb-balanced,21,216.0052,297.1439,180
1min,temporal,hgb,balanced,hgb-balanced,22,264.3718,371.8012,180
1min,temporal,hgb,balanced,hgb-balanced,23,277.7307,370.5129,180
1min,temporal,hgb,aggressive,hgb-aggressive,0,197.6575,267.6483,180
1min,temporal,hgb,aggressive,hgb-aggressive,1,296.1892,415.1087,180
1min,temporal,hgb,aggressive,hgb-aggressive,2,278.5417,405.4010,180
1min,temporal,hgb,aggressive,hgb-aggressive,3,592.3377,1329.5974,180
1min,temporal,hgb,aggressive,hgb-aggressive,4,500.4111,924.1237,180
1min,temporal,hgb,aggressive,hgb-aggressive,5,807.8886,1452.2992,180
1min,temporal,hgb,aggressive,hgb-aggressive,6,1487.8356,2231.7036,180
1min,temporal,hgb,aggressive,hgb-aggressive,7,1169.9980,1734.2503,167
1min,temporal,hgb,aggressive,hgb-aggressive,8,1143.7967,1937.0029,176
1min,temporal,hgb,aggressive,hgb-aggressive,9,1513.8440,2201.0682,180
1min,temporal,hgb,aggressive,hgb-aggressive,10,1051.6694,1531.3218,176
1min,temporal,hgb,aggressive,hgb-aggressive,11,953.9229,1373.9906,177
1min,temporal,hgb,aggressive,hgb-aggressive,12,828.3546,1282.5769,180
1min,temporal,hgb,aggressive,hgb-aggressive,13,881.0637,1279.1233,180
1min,temporal,hgb,aggressive,hgb-aggressive,14,1037.2130,1607.9050,180
1min,temporal,hgb,aggressive,hgb-aggressive,15,866.6699,1402.8405,180
1min,temporal,hgb,aggressive,hgb-aggressive,16,562.6128,892.9580,180
1min,temporal,hgb,aggressive,hgb-aggressive,17,221.7443,295.2536,180
1min,temporal,hgb,aggressive,hgb-aggressive,18,211.9646,274.9674,180
1min,temporal,hgb,aggressive,hgb-aggressive,19,282.8511,402.1121,180
1min,temporal,hgb,aggressive,hgb-aggressive,20,218.1720,289.6614,180
1min,temporal,hgb,aggressive,hgb-aggressive,21,198.1288,273.3160,180
1min,temporal,hgb,aggressive,hgb-aggressive,22,262.6467,369.4008,180
1min,temporal,hgb,aggressive,hgb-aggressive,23,263.2670,363.4858,180
1min,curated,ridge,light,ridge-light,0,223.4475,288.3363,180
1min,curated,ridge,light,ridge-light,1,262.3660,362.9424,180
1min,curated,ridge,light,ridge-light,2,278.2011,423.0890,180
1min,curated,ridge,light,ridge-light,3,590.1472,1321.3847,180
1min,curated,ridge,light,ridge-light,4,577.5726,976.7026,180
1min,curated,ridge,light,ridge-light,5,797.4405,1417.2484,180
1min,curated,ridge,light,ridge-light,6,1428.5258,2289.3724,180
1min,curated,ridge,light,ridge-light,7,1217.6401,1789.6616,154
1min,curated,ridge,light,ridge-light,8,864.8545,1537.4137,116
1min,curated,ridge,light,ridge-light,9,1398.4093,2058.7811,176
1min,curated,ridge,light,ridge-light,10,969.9587,1436.3955,172
1min,curated,ridge,light,ridge-light,11,649.6889,1062.2232,117
1min,curated,ridge,light,ridge-light,12,716.7843,1197.1046,177
1min,curated,ridge,light,ridge-light,13,797.5455,1163.3082,180
1min,curated,ridge,light,ridge-light,14,950.6487,1531.6538,180
1min,curated,ridge,light,ridge-light,15,847.7676,1327.0695,180
1min,curated,ridge,light,ridge-light,16,480.1322,793.1515,180
1min,curated,ridge,light,ridge-light,17,244.9817,335.0868,180
1min,curated,ridge,light,ridge-light,18,217.2678,278.8431,180
1min,curated,ridge,light,ridge-light,19,267.2942,389.8556,180
1min,curated,ridge,light,ridge-light,20,218.2822,281.9464,180
1min,curated,ridge,light,ridge-light,21,188.4663,243.0070,180
1min,curated,ridge,light,ridge-light,22,248.8009,356.3168,180
1min,curated,ridge,light,ridge-light,23,232.5832,323.6618,180
1min,curated,ridge,medium,ridge-medium,0,223.4984,288.3899,180
1min,curated,ridge,medium,ridge-medium,1,262.3534,362.9272,180
1min,curated,ridge,medium,ridge-medium,2,278.2024,423.0931,180
1min,curated,ridge,medium,ridge-medium,3,590.1404,1321.3869,180
1min,curated,ridge,medium,ridge-medium,4,577.4772,976.6504,180
1min,curated,ridge,medium,ridge-medium,5,797.3937,1417.2422,180
1min,curated,ridge,medium,ridge-medium,6,1428.5162,2289.3778,180
1min,curated,ridge,medium,ridge-medium,7,1217.6333,1789.6630,154
1min,curated,ridge,medium,ridge-medium,8,864.8375,1537.4112,116
1min,curated,ridge,medium,ridge-medium,9,1398.4108,2058.7825,176
1min,curated,ridge,medium,ridge-medium,10,969.9644,1436.4026,172
1min,curated,ridge,medium,ridge-medium,11,649.6920,1062.2270,117
1min,curated,ridge,medium,ridge-medium,12,716.7829,1197.1047,177
1min,curated,ridge,medium,ridge-medium,13,797.5402,1163.3070,180
1min,curated,ridge,medium,ridge-medium,14,950.6461,1531.6551,180
1min,curated,ridge,medium,ridge-medium,15,847.7669,1327.0710,180
1min,curated,ridge,medium,ridge-medium,16,480.1213,793.1484,180
1min,curated,ridge,medium,ridge-medium,17,244.9749,335.0813,180
1min,curated,ridge,medium,ridge-medium,18,217.2578,278.8339,180
1min,curated,ridge,medium,ridge-medium,19,267.2873,389.8429,180
1min,curated,ridge,medium,ridge-medium,20,218.2819,281.9481,180
1min,curated,ridge,medium,ridge-medium,21,188.4560,242.9976,180
1min,curated,ridge,medium,ridge-medium,22,248.7946,356.3101,180
1min,curated,ridge,medium,ridge-medium,23,232.5736,323.6569,180
1min,curated,ridge,strong,ridge-strong,0,223.9762,288.9100,180
1min,curated,ridge,strong,ridge-strong,1,262.2271,362.7736,180
1min,curated,ridge,strong,ridge-strong,2,278.2206,423.1367,180
1min,curated,ridge,strong,ridge-strong,3,590.0751,1321.4072,180
1min,curated,ridge,strong,ridge-strong,4,576.5506,976.1427,180
1min,curated,ridge,strong,ridge-strong,5,796.9421,1417.1831,180
1min,curated,ridge,strong,ridge-strong,6,1428.4216,2289.4318,180
1min,curated,ridge,strong,ridge-strong,7,1217.5668,1789.6768,154
1min,curated,ridge,strong,ridge-strong,8,864.6695,1537.3855,116
1min,curated,ridge,strong,ridge-strong,9,1398.4261,2058.7962,176
1min,curated,ridge,strong,ridge-strong,10,970.0217,1436.4730,172
1min,curated,ridge,strong,ridge-strong,11,649.7233,1062.2651,117
1min,curated,ridge,strong,ridge-strong,12,716.7688,1197.1057,177
1min,curated,ridge,strong,ridge-strong,13,797.4878,1163.2954,180
1min,curated,ridge,strong,ridge-strong,14,950.6202,1531.6680,180
1min,curated,ridge,strong,ridge-strong,15,847.7603,1327.0858,180
1min,curated,ridge,strong,ridge-strong,16,480.0138,793.1181,180
1min,curated,ridge,strong,ridge-strong,17,244.9085,335.0270,180
1min,curated,ridge,strong,ridge-strong,18,217.1600,278.7446,180
1min,curated,ridge,strong,ridge-strong,19,267.2195,389.7182,180
1min,curated,ridge,strong,ridge-strong,20,218.2789,281.9649,180
1min,curated,ridge,strong,ridge-strong,21,188.3547,242.9057,180
1min,curated,ridge,strong,ridge-strong,22,248.7304,356.2407,180
1min,curated,ridge,strong,ridge-strong,23,232.4822,323.6119,180
1min,curated,hgb,conservative,hgb-conservative,0,318.2435,420.6758,180
1min,curated,hgb,conservative,hgb-conservative,1,355.8696,478.9730,180
1min,curated,hgb,conservative,hgb-conservative,2,371.5566,537.1754,180
1min,curated,hgb,conservative,hgb-conservative,3,658.5371,1428.5778,180
1min,curated,hgb,conservative,hgb-conservative,4,493.4678,829.5668,180
1min,curated,hgb,conservative,hgb-conservative,5,798.1780,1420.0195,180
1min,curated,hgb,conservative,hgb-conservative,6,1334.8722,2163.3052,180
1min,curated,hgb,conservative,hgb-conservative,7,1173.5527,1684.9361,167
1min,curated,hgb,conservative,hgb-conservative,8,1199.8283,1965.1009,176
1min,curated,hgb,conservative,hgb-conservative,9,1461.2050,2082.7776,180
1min,curated,hgb,conservative,hgb-conservative,10,1003.3017,1418.4242,176
1min,curated,hgb,conservative,hgb-conservative,11,900.7913,1319.5280,177
1min,curated,hgb,conservative,hgb-conservative,12,660.9560,1077.6245,180
1min,curated,hgb,conservative,hgb-conservative,13,781.6348,1102.1049,180
1min,curated,hgb,conservative,hgb-conservative,14,901.6436,1446.1376,180
1min,curated,hgb,conservative,hgb-conservative,15,855.3316,1318.0000,180
1min,curated,hgb,conservative,hgb-conservative,16,545.0716,832.0776,180
1min,curated,hgb,conservative,hgb-conservative,17,293.1080,395.8472,180
1min,curated,hgb,conservative,hgb-conservative,18,255.7094,334.2458,180
1min,curated,hgb,conservative,hgb-conservative,19,370.6457,501.7363,180
1min,curated,hgb,conservative,hgb-conservative,20,296.7452,376.0820,180
1min,curated,hgb,conservative,hgb-conservative,21,262.4420,338.9200,180
1min,curated,hgb,conservative,hgb-conservative,22,367.9838,500.6298,180
1min,curated,hgb,conservative,hgb-conservative,23,288.9844,408.5742,180
1min,curated,hgb,balanced,hgb-balanced,0,266.5201,422.8667,180
1min,curated,hgb,balanced,hgb-balanced,1,312.0929,437.2760,180
1min,curated,hgb,balanced,hgb-balanced,2,306.8743,452.1995,180
1min,curated,hgb,balanced,hgb-balanced,3,677.3953,1462.1017,180
1min,curated,hgb,balanced,hgb-balanced,4,466.9135,790.4078,180
1min,curated,hgb,balanced,hgb-balanced,5,768.7525,1441.5948,180
1min,curated,hgb,balanced,hgb-balanced,6,1456.1863,2279.3951,180
1min,curated,hgb,balanced,hgb-balanced,7,1177.3800,1741.0540,167
1min,curated,hgb,balanced,hgb-balanced,8,1184.8304,1967.5670,176
1min,curated,hgb,balanced,hgb-balanced,9,1474.2931,2171.3766,180
1min,curated,hgb,balanced,hgb-balanced,10,998.0546,1435.9804,176
1min,curated,hgb,balanced,hgb-balanced,11,916.6563,1318.0059,177
1min,curated,hgb,balanced,hgb-balanced,12,677.0771,1057.6799,180
1min,curated,hgb,balanced,hgb-balanced,13,745.6498,1037.5492,180
1min,curated,hgb,balanced,hgb-balanced,14,856.5315,1399.1639,180
1min,curated,hgb,balanced,hgb-balanced,15,808.4709,1291.1646,180
1min,curated,hgb,balanced,hgb-balanced,16,503.2767,784.0716,180
1min,curated,hgb,balanced,hgb-balanced,17,220.4970,300.5473,180
1min,curated,hgb,balanced,hgb-balanced,18,212.7037,285.5912,180
1min,curated,hgb,balanced,hgb-balanced,19,306.7094,459.6191,180
1min,curated,hgb,balanced,hgb-balanced,20,239.9023,319.1724,180
1min,curated,hgb,balanced,hgb-balanced,21,202.8563,265.9592,180
1min,curated,hgb,balanced,hgb-balanced,22,267.4572,395.6105,180
1min,curated,hgb,balanced,hgb-balanced,23,256.9755,365.9767,180
1min,curated,hgb,aggressive,hgb-aggressive,0,269.3805,410.3810,180
1min,curated,hgb,aggressive,hgb-aggressive,1,322.5020,454.6569,180
1min,curated,hgb,aggressive,hgb-aggressive,2,304.9999,456.0291,180
1min,curated,hgb,aggressive,hgb-aggressive,3,673.9961,1457.2196,180
1min,curated,hgb,aggressive,hgb-aggressive,4,467.9841,773.4175,180
1min,curated,hgb,aggressive,hgb-aggressive,5,788.8537,1465.7460,180
1min,curated,hgb,aggressive,hgb-aggressive,6,1391.7278,2220.5354,180
1min,curated,hgb,aggressive,hgb-aggressive,7,1185.3981,1758.6640,167
1min,curated,hgb,aggressive,hgb-aggressive,8,1174.0679,1956.9092,176
1min,curated,hgb,aggressive,hgb-aggressive,9,1480.1636,2159.2857,180
1min,curated,hgb,aggressive,hgb-aggressive,10,1004.1354,1432.8716,176
1min,curated,hgb,aggressive,hgb-aggressive,11,893.1117,1309.8339,177
1min,curated,hgb,aggressive,hgb-aggressive,12,662.1582,1041.0106,180
1min,curated,hgb,aggressive,hgb-aggressive,13,743.6021,1038.3228,180
1min,curated,hgb,aggressive,hgb-aggressive,14,847.3013,1371.3626,180
1min,curated,hgb,aggressive,hgb-aggressive,15,815.2201,1298.3685,180
1min,curated,hgb,aggressive,hgb-aggressive,16,513.4643,802.1386,180
1min,curated,hgb,aggressive,hgb-aggressive,17,228.7820,311.8585,180
1min,curated,hgb,aggressive,hgb-aggressive,18,209.2313,284.8856,180
1min,curated,hgb,aggressive,hgb-aggressive,19,311.9605,461.5917,180
1min,curated,hgb,aggressive,hgb-aggressive,20,245.6410,324.2512,180
1min,curated,hgb,aggressive,hgb-aggressive,21,219.0006,286.2302,180
1min,curated,hgb,aggressive,hgb-aggressive,22,280.3546,417.6628,180
1min,curated,hgb,aggressive,hgb-aggressive,23,251.4548,362.7484,180
1min,full,ridge,light,ridge-light,0,187.3196,249.6603,60
1min,full,ridge,light,ridge-light,1,207.9059,271.4379,60
1min,full,ridge,light,ridge-light,2,239.9235,352.6446,60
1min,full,ridge,light,ridge-light,3,331.5058,415.6520,60
1min,full,ridge,light,ridge-light,4,397.3479,493.9978,60
1min,full,ridge,light,ridge-light,5,253.6059,321.8447,60
1min,full,ridge,light,ridge-light,6,1554.6562,2110.1219,60
1min,full,ridge,light,ridge-light,7,1414.8390,1764.6125,60
1min,full,ridge,light,ridge-light,8,809.1384,1303.6424,116
1min,full,ridge,light,ridge-light,9,932.2646,1611.0468,120
1min,full,ridge,light,ridge-light,10,586.2184,759.4547,116
1min,full,ridge,light,ridge-light,11,239.2856,282.3441,60
1min,full,ridge,light,ridge-light,12,186.9109,231.8921,60
1min,full,ridge,light,ridge-light,13,254.8806,309.0057,60
1min,full,ridge,light,ridge-light,14,160.4976,197.6302,60
1min,full,ridge,light,ridge-light,15,188.2536,235.8831,60
1min,full,ridge,light,ridge-light,16,213.2559,259.2489,60
1min,full,ridge,light,ridge-light,17,181.9440,233.4357,60
1min,full,ridge,light,ridge-light,18,151.9038,192.4181,60
1min,full,ridge,light,ridge-light,19,243.5521,331.4420,60
1min,full,ridge,light,ridge-light,20,218.2509,269.2000,60
1min,full,ridge,light,ridge-light,21,156.0800,199.8775,60
1min,full,ridge,light,ridge-light,22,234.0550,277.7403,60
1min,full,ridge,light,ridge-light,23,132.6124,172.6767,60
1min,full,ridge,medium,ridge-medium,0,187.3825,249.7294,60
1min,full,ridge,medium,ridge-medium,1,207.9024,271.4359,60
1min,full,ridge,medium,ridge-medium,2,239.9253,352.6407,60
1min,full,ridge,medium,ridge-medium,3,331.5105,415.6486,60
1min,full,ridge,medium,ridge-medium,4,397.1765,493.8266,60
1min,full,ridge,medium,ridge-medium,5,253.3961,321.6317,60
1min,full,ridge,medium,ridge-medium,6,1554.7216,2110.1978,60
1min,full,ridge,medium,ridge-medium,7,1414.8409,1764.6001,60
1min,full,ridge,medium,ridge-medium,8,809.1582,1303.6719,116
1min,full,ridge,medium,ridge-medium,9,932.1642,1611.0392,120
1min,full,ridge,medium,ridge-medium,10,586.0877,759.4081,116
1min,full,ridge,medium,ridge-medium,11,238.9574,282.0534,60
1min,full,ridge,medium,ridge-medium,12,186.5082,231.5393,60
1min,full,ridge,medium,ridge-medium,13,254.7151,308.7988,60
1min,full,ridge,medium,ridge-medium,14,160.2972,197.4162,60
1min,full,ridge,medium,ridge-medium,15,188.1692,235.7115,60
1min,full,ridge,medium,ridge-medium,16,213.2052,259.1454,60
1min,full,ridge,medium,ridge-medium,17,181.7823,233.2705,60
1min,full,ridge,medium,ridge-medium,18,151.7525,192.2340,60
1min,full,ridge,medium,ridge-medium,19,243.4607,331.3189,60
1min,full,ridge,medium,ridge-medium,20,218.3063,269.2531,60
1min,full,ridge,medium,ridge-medium,21,156.0897,199.8452,60
1min,full,ridge,medium,ridge-medium,22,234.0346,277.7046,60
1min,full,ridge,medium,ridge-medium,23,132.5668,172.6405,60
1min,full,ridge,strong,ridge-strong,0,187.9142,250.3149,60
1min,full,ridge,strong,ridge-strong,1,207.8644,271.4117,60
1min,full,ridge,strong,ridge-strong,2,239.9423,352.5971,60
1min,full,ridge,strong,ridge-strong,3,331.5581,415.6126,60
1min,full,ridge,strong,ridge-strong,4,395.4837,492.1407,60
1min,full,ridge,strong,ridge-strong,5,251.3353,319.5498,60
1min,full,ridge,strong,ridge-strong,6,1555.3679,2110.9531,60
1min,full,ridge,strong,ridge-strong,7,1414.8585,1764.4811,60
1min,full,ridge,strong,ridge-strong,8,809.3492,1303.9579,116
1min,full,ridge,strong,ridge-strong,9,931.2792,1610.9761,120
1min,full,ridge,strong,ridge-strong,10,584.8397,758.9675,116
1min,full,ridge,strong,ridge-strong,11,235.8170,279.3257,60
1min,full,ridge,strong,ridge-strong,12,182.7524,228.2130,60
1min,full,ridge,strong,ridge-strong,13,253.1531,306.8675,60
1min,full,ridge,strong,ridge-strong,14,158.4136,195.4288,60
1min,full,ridge,strong,ridge-strong,15,187.3780,234.1224,60
1min,full,ridge,strong,ridge-strong,16,212.7298,258.1981,60
1min,full,ridge,strong,ridge-strong,17,180.2774,231.7452,60
1min,full,ridge,strong,ridge-strong,18,150.4516,190.5357,60
1min,full,ridge,strong,ridge-strong,19,242.7267,330.1906,60
1min,full,ridge,strong,ridge-strong,20,218.8210,269.7642,60
1min,full,ridge,strong,ridge-strong,21,156.1795,199.5660,60
1min,full,ridge,strong,ridge-strong,22,233.9504,277.3918,60
1min,full,ridge,strong,ridge-strong,23,132.1405,172.3322,60
1min,full,hgb,conservative,hgb-conservative,0,271.3692,372.5929,180
1min,full,hgb,conservative,hgb-conservative,1,298.2601,402.0011,180
1min,full,hgb,conservative,hgb-conservative,2,302.6822,425.4271,180
1min,full,hgb,conservative,hgb-conservative,3,516.7267,854.1318,180
1min,full,hgb,conservative,hgb-conservative,4,495.9822,777.5646,180
1min,full,hgb,conservative,hgb-conservative,5,711.0722,1269.8735,180
1min,full,hgb,conservative,hgb-conservative,6,1070.3091,1615.4139,180
1min,full,hgb,conservative,hgb-conservative,7,1002.5956,1449.2301,167
1min,full,hgb,conservative,hgb-conservative,8,1206.3541,1975.6952,176
1min,full,hgb,conservative,hgb-conservative,9,1304.3633,1834.1720,180
1min,full,hgb,conservative,hgb-conservative,10,882.6730,1245.5378,176
1min,full,hgb,conservative,hgb-conservative,11,800.7533,1151.4964,177
1min,full,hgb,conservative,hgb-conservative,12,595.7418,938.0693,180
1min,full,hgb,conservative,hgb-conservative,13,651.8096,890.8575,180
1min,full,hgb,conservative,hgb-conservative,14,693.7531,1049.6206,180
1min,full,hgb,conservative,hgb-conservative,15,702.4886,1075.5476,180
1min,full,hgb,conservative,hgb-conservative,16,424.0560,621.7284,180
1min,full,hgb,conservative,hgb-conservative,17,244.3194,329.0314,180
1min,full,hgb,conservative,hgb-conservative,18,240.5450,309.5795,180
1min,full,hgb,conservative,hgb-conservative,19,300.3244,427.5468,180
1min,full,hgb,conservative,hgb-conservative,20,238.7076,305.5445,180
1min,full,hgb,conservative,hgb-conservative,21,211.5537,281.5658,180
1min,full,hgb,conservative,hgb-conservative,22,302.2777,409.2229,180
1min,full,hgb,conservative,hgb-conservative,23,257.2110,358.4639,180
1min,full,hgb,balanced,hgb-balanced,0,218.3506,305.0806,180
1min,full,hgb,balanced,hgb-balanced,1,248.1214,336.4817,180
1min,full,hgb,balanced,hgb-balanced,2,250.6473,353.4898,180
1min,full,hgb,balanced,hgb-balanced,3,487.6448,888.6919,180
1min,full,hgb,balanced,hgb-balanced,4,430.3674,688.3087,180
1min,full,hgb,balanced,hgb-balanced,5,705.5708,1289.1305,180
1min,full,hgb,balanced,hgb-balanced,6,1010.4551,1623.5165,180
1min,full,hgb,balanced,hgb-balanced,7,903.5375,1363.3775,167
1min,full,hgb,balanced,hgb-balanced,8,1237.5832,2113.2978,176
1min,full,hgb,balanced,hgb-balanced,9,1276.4419,1873.3883,180
1min,full,hgb,balanced,hgb-balanced,10,800.5196,1114.5147,176
1min,full,hgb,balanced,hgb-balanced,11,775.8107,1152.2140,177
1min,full,hgb,balanced,hgb-balanced,12,535.5839,834.4205,180
1min,full,hgb,balanced,hgb-balanced,13,562.4524,767.1247,180
1min,full,hgb,balanced,hgb-balanced,14,606.0972,894.5950,180
1min,full,hgb,balanced,hgb-balanced,15,637.3885,976.5681,180
1min,full,hgb,balanced,hgb-balanced,16,388.1671,579.0081,180
1min,full,hgb,balanced,hgb-balanced,17,201.6086,257.2179,180
1min,full,hgb,balanced,hgb-balanced,18,201.8936,260.8527,180
1min,full,hgb,balanced,hgb-balanced,19,248.9622,352.9986,180
1min,full,hgb,balanced,hgb-balanced,20,216.0667,279.8161,180
1min,full,hgb,balanced,hgb-balanced,21,179.4555,234.3915,180
1min,full,hgb,balanced,hgb-balanced,22,244.9619,340.2012,180
1min,full,hgb,balanced,hgb-balanced,23,219.0978,309.8516,180
1min,full,hgb,aggressive,hgb-aggressive,0,219.4319,309.5696,180
1min,full,hgb,aggressive,hgb-aggressive,1,254.2313,344.5729,180
1min,full,hgb,aggressive,hgb-aggressive,2,254.3743,364.7319,180
1min,full,hgb,aggressive,hgb-aggressive,3,462.9353,807.2399,180
1min,full,hgb,aggressive,hgb-aggressive,4,432.7819,690.7352,180
1min,full,hgb,aggressive,hgb-aggressive,5,667.4407,1228.5551,180
1min,full,hgb,aggressive,hgb-aggressive,6,991.7421,1616.6551,180
1min,full,hgb,aggressive,hgb-aggressive,7,918.0271,1375.0662,167
1min,full,hgb,aggressive,hgb-aggressive,8,1206.3461,2113.1434,176
1min,full,hgb,aggressive,hgb-aggressive,9,1233.3081,1828.4311,180
1min,full,hgb,aggressive,hgb-aggressive,10,812.8536,1133.3952,176
1min,full,hgb,aggressive,hgb-aggressive,11,781.3190,1158.9269,177
1min,full,hgb,aggressive,hgb-aggressive,12,529.3703,803.2496,180
1min,full,hgb,aggressive,hgb-aggressive,13,562.9595,771.7714,180
1min,full,hgb,aggressive,hgb-aggressive,14,587.7720,869.1498,180
1min,full,hgb,aggressive,hgb-aggressive,15,644.6404,975.2930,180
1min,full,hgb,aggressive,hgb-aggressive,16,387.4635,574.7732,180
1min,full,hgb,aggressive,hgb-aggressive,17,206.5082,272.2460,180
1min,full,hgb,aggressive,hgb-aggressive,18,197.1597,260.2700,180
1min,full,hgb,aggressive,hgb-aggressive,19,259.3624,356.9022,180
1min,full,hgb,aggressive,hgb-aggressive,20,209.7669,269.8289,180
1min,full,hgb,aggressive,hgb-aggressive,21,184.8642,243.0492,180
1min,full,hgb,aggressive,hgb-aggressive,22,248.7326,339.8281,180
1min,full,hgb,aggressive,hgb-aggressive,23,220.5416,311.2143,180
1min,temporal_no_workday,ridge,medium,ridge-medium,0,208.7365,279.0193,180
1min,temporal_no_workday,ridge,medium,ridge-medium,1,283.0178,374.9101,180
1min,temporal_no_workday,ridge,medium,ridge-medium,2,259.4985,414.1972,180
1min,temporal_no_workday,ridge,medium,ridge-medium,3,615.2939,1339.8374,180
1min,temporal_no_workday,ridge,medium,ridge-medium,4,645.8293,939.2289,180
1min,temporal_no_workday,ridge,medium,ridge-medium,5,879.9151,1445.3584,180
1min,temporal_no_workday,ridge,medium,ridge-medium,6,1429.0489,2143.3914,180
1min,temporal_no_workday,ridge,medium,ridge-medium,7,1229.9714,1761.6690,167
1min,temporal_no_workday,ridge,medium,ridge-medium,8,1135.4902,1798.4095,175
1min,temporal_no_workday,ridge,medium,ridge-medium,9,1452.6719,2108.9337,180
1min,temporal_no_workday,ridge,medium,ridge-medium,10,1007.8594,1545.3485,176
1min,temporal_no_workday,ridge,medium,ridge-medium,11,887.6875,1395.9882,176
1min,temporal_no_workday,ridge,medium,ridge-medium,12,781.3614,1292.3870,180
1min,temporal_no_workday,ridge,medium,ridge-medium,13,800.5183,1248.9826,180
1min,temporal_no_workday,ridge,medium,ridge-medium,14,1027.5561,1673.9344,180
1min,temporal_no_workday,ridge,medium,ridge-medium,15,878.4203,1451.7036,180
1min,temporal_no_workday,ridge,medium,ridge-medium,16,445.9858,828.4871,180
1min,temporal_no_workday,ridge,medium,ridge-medium,17,220.4756,301.9650,180
1min,temporal_no_workday,ridge,medium,ridge-medium,18,212.2208,276.4494,180
1min,temporal_no_workday,ridge,medium,ridge-medium,19,274.0436,379.6137,180
1min,temporal_no_workday,ridge,medium,ridge-medium,20,231.8586,296.4699,180
1min,temporal_no_workday,ridge,medium,ridge-medium,21,205.4242,261.4064,180
1min,temporal_no_workday,ridge,medium,ridge-medium,22,268.2028,368.1090,180
1min,temporal_no_workday,ridge,medium,ridge-medium,23,231.9468,324.7582,180
